{
  "IcoMoonType": "selection",
  "icons": [
    {
      "icon": {
        "paths": [
          "M0 938.661c0 47.145 38.189 85.335 85.335 85.335h853.33c47.145 0 85.335-38.189 85.335-85.335l-0.002-853.328c0-47.145-38.189-85.335-85.335-85.335h-853.328c-47.146 0-85.335 38.189-85.335 85.335v853.328zM533.33 895.994v-341.331h-85.335v-128.002h85.335c0-219.944 9.363-234.666 277.332-234.666v128.002c-141.224 0-128.002 7.891-128.002 106.664h128.002v128.002h-128.002v341.331h-149.331z"
        ],
        "attrs": [
          {}
        ],
        "isMulticolor": false,
        "isMulticolor2": false,
        "grid": 0,
        "tags": [
          "facebook"
        ]
      },
      "attrs": [
        {}
      ],
      "properties": {
        "order": 15,
        "id": 2,
        "name": "facebook",
        "prevSize": 32
      },
      "setIdx": 0,
      "setId": 1,
      "iconIdx": 0
    },
    {
      "icon": {
        "paths": [
          "M0 938.661c0 47.146 38.186 85.334 85.334 85.334h853.332c47.146 0 85.334-38.186 85.334-85.334l-0.002-853.33c0-47.146-38.186-85.334-85.334-85.334h-853.33c-47.148 0-85.334 38.186-85.334 85.334v853.33zM831.998 757.33c0 29.44-23.894 53.334-53.334 53.334s-53.332-23.894-53.332-53.334c0-241.494-195.862-437.333-437.333-437.333-29.44 0-53.334-23.894-53.334-53.334s23.894-53.334 53.334-53.334c158.294 0 288.213 54.614 390.185 156.586 104.512 104.536 153.814 234.242 153.814 387.415zM639.999 757.33c0 29.44-23.894 53.334-53.334 53.334s-53.332-23.894-53.332-53.334c0-135.468-109.868-245.334-245.334-245.334-29.44 0-53.334-23.894-53.334-53.334s23.894-53.334 53.334-53.334c194.346 0.002 351.999 157.676 351.999 352.001zM234.666 714.662c0-53.12 42.88-96 96-96s96 42.88 96 96-42.88 96-96 96-96-42.88-96-96z"
        ],
        "attrs": [
          {}
        ],
        "isMulticolor": false,
        "isMulticolor2": false,
        "grid": 0,
        "tags": [
          "feed"
        ]
      },
      "attrs": [
        {}
      ],
      "properties": {
        "order": 16,
        "id": 1,
        "name": "feed",
        "prevSize": 32
      },
      "setIdx": 0,
      "setId": 1,
      "iconIdx": 1
    },
    {
      "icon": {
        "paths": [
          "M-10.668 947.551c0 48.128 38.982 87.112 87.112 87.112h871.112c48.128 0 87.112-38.982 87.112-87.112l-0.002-871.11c0-48.128-38.982-87.112-87.112-87.112h-871.11c-48.13 0-87.112 38.982-87.112 87.112v871.11zM664.444 533.774h-217.778v65.333c0 23.955 19.6 43.555 43.555 43.555h174.222c48.128 0 87.112 38.982 87.112 87.112s-38.982 87.112-87.112 87.112l-217.776-0.002c-96.258 0-174.222-77.965-174.222-174.222v-370.222c0-48.128 38.982-87.112 87.112-87.112s87.112 38.982 87.112 87.112v87.112h217.778c48.128 0 87.112 38.982 87.112 87.112s-38.986 87.11-87.114 87.11z"
        ],
        "attrs": [
          {}
        ],
        "isMulticolor": false,
        "isMulticolor2": false,
        "grid": 0,
        "tags": [
          "twitter-old"
        ]
      },
      "attrs": [
        {}
      ],
      "properties": {
        "order": 17,
        "id": 0,
        "name": "twitter-old",
        "prevSize": 32
      },
      "setIdx": 0,
      "setId": 1,
      "iconIdx": 2
    }
  ],
  "height": 1024,
  "preferences": {
    "showGlyphs": true,
    "showQuickUse": true,
    "showQuickUse2": false,
    "showSVGs": true,
    "fontPref": {
      "prefix": "icon-",
      "metadata": {
        "fontFamily": "icomoon"
      },
      "metrics": {
        "emSize": 1024,
        "baseline": 6.25,
        "whitespace": 50
      },
      "embed": false
    },
    "imagePref": {
      "prefix": "",
      "png": false,
      "useClassSelector": true,
      "color": 0,
      "bgColor": 16777215,
      "classSelector": ".icon",
      "name": "icomoon",
      "height": 32,
      "columns": 16,
      "margin": 16,
      "autoHost": true,
      "overrideSize": false
    },
    "historySize": 50,
    "showCodes": true,
    "gridSize": 16,
    "showGrid": false,
    "quickUsageToken": {
      "UntitledProject": "NzM3OGMzZGY4OWE3YTAwOGQyNWM3NDFhMjhiNDkxYmIjMSMxNjQ0MTU5MjgyIyMjMDM3NTMwMjEyZjgw"
    }
  }
}